RunNumber,EventNumber,LumiBlock,TimeStamp,TimeStampNS,BCID,extL1ID,triggerType,mu_pt,mu_eta,mu_phi,mu_E,mu_charge
479103,0,330,1719498240,101667670,738,4261552364,132,[],[],[],[],[]
479103,0,334,1719498332,63117550,3387,268702630,132,[],[],[],[],[]
479103,0,334,1719498334,312750875,742,285320879,132,[15.580530166625977],[1.7431325912475586],[1.2235428094863892],[45.88626480102539],[-1]
479103,0,337,1719498374,581357570,3343,436334815,132,[3.058044195175171],[0.8435277342796326],[-0.0940956249833107],[4.213387966156006],[-1]
479103,0,337,1719498376,519266430,2486,436446668,132,[3.2814557552337646],[0.9439125061035156],[-0.2779774069786072],[4.856259346008301],[1]
479103,0,507,1719503682,881519545,389,1795250512,132,"[4.239921569824219, 2.7894508838653564]","[-2.2485885620117188, 0.650701642036438]","[-1.040608525276184, -0.730890691280365]","[20.309289932250977, 3.4027693271636963]","[-1, -1]"
479103,0,509,1719503694,873795115,988,1845759350,132,[],[],[],[],[]
479103,0,510,1719503707,39315155,2375,1895843008,132,"[70.22257232666016, 6.826351642608643, 6.211569786071777, 3.4099018573760986]","[-2.5351827144622803, -1.8497116565704346, -2.136655807495117, 2.26631498336792]","[1.688507318496704, -2.7673051357269287, -2.848653793334961, 2.5759425163269043]","[445.842529296875, 22.238008499145508, 26.676137924194336, 16.61932945251465]","[-1, -1, 1, -1]"
479103,0,510,1719503708,647513495,2371,1895985593,132,"[3.8927130699157715, 2.8443400859832764, 3.028036117553711]","[-2.3193161487579346, 1.6841033697128296, -0.2103557586669922]","[0.610752522945404, 1.963965892791748, -0.47237953543663025]","[19.9836368560791, 7.926783084869385, 3.097080945968628]","[1, -1, -1]"
479103,0,510,1719503711,57887130,1884,1896198771,132,[3.518674612045288],[-2.193354845046997],[2.0618133544921875],[15.969470024108887],[-1]
479103,0,510,1719503712,707304715,209,1912679801,132,"[3.8052985668182373, 2.1757700443267822]","[1.7696826457977295, 1.7548409700393677]","[-2.0953197479248047, -1.9061188697814941]","[11.491303443908691, 6.479720115661621]","[-1, 1]"
479103,0,511,1719503728,994831935,1750,1963128329,132,[4.971543788909912],[-2.44944429397583],[0.2522057890892029],[29.004802703857422],[1]
479103,0,511,1719503731,394994880,1889,1963340617,132,[2.9729909896850586],[1.4474154710769653],[1.5995985269546509],[6.671170234680176],[1]
479103,0,511,1719503735,387162210,1635,1980030016,132,"[4.517691612243652, 3.1226768493652344]","[-1.8216571807861328, -1.9298913478851318]","[1.3791049718856812, 1.1311759948730469]","[14.330172538757324, 10.9828462600708]","[1, 1]"
479103,0,512,1719503750,708808920,282,2030393765,132,"[2.806610345840454, 4.307908535003662]","[-0.43818894028663635, -0.9177722930908203]","[-2.3441736698150635, 1.289042592048645]","[3.0822088718414307, 6.254068374633789]","[1, 1]"
479103,0,513,1719503778,598373560,910,2130874280,132,"[71.40949249267578, 5.695670127868652, 3.0570762157440186]","[-1.6342391967773438, -0.04736350104212761, -1.951529860496521]","[-1.49515700340271, -0.08485156297683716, 3.0258445739746094]","[189.97276306152344, 5.703038692474365, 10.977712631225586]","[-1, 1, 1]"
479103,0,514,1719503795,259247015,548,2181355347,132,"[15.074637413024902, 1.5524463653564453]","[0.8533313274383545, 2.52047061920166]","[-1.8498520851135254, -1.969470500946045]","[20.904624938964844, 9.714906692504883]","[-1, -1]"
479103,0,515,1719503844,90274900,2184,2365813157,136,"[38.43254089355469, 48.96315002441406]","[-1.9202113151550293, -0.8058785796165466]","[0.8649555444717407, -3.044100761413574]","[133.91775512695312, 65.74186706542969]","[-1, 1]"
479103,0,515,1719503844,999778700,1569,2365894734,132,"[6.915862560272217, 4.227525234222412]","[1.0993399620056152, -1.4182853698730469]","[-2.1621525287628174, 2.0562214851379395]","[11.533635139465332, 9.242316246032715]","[1, 1]"
479103,0,516,1719503848,215328625,3264,2382511120,132,"[6.0655341148376465, 3.1629223823547363]","[0.3847981095314026, -1.796420693397522]","[3.123640298843384, -0.265398770570755]","[6.521018981933594, 9.7960205078125]","[1, -1]"
479103,0,516,1719503856,854376185,1244,2415946767,132,"[2.6042063236236572, 2.28977108001709]","[-1.6196198463439941, 2.572126626968384]","[2.6190333366394043, 1.8092013597488403]","[6.835742950439453, 15.078527450561523]","[1, -1]"
479103,0,528,1719504229,184004280,750,2567215912,132,"[5.008184432983398, 2.8183865547180176]","[-1.6909856796264648, 0.44797244668006897]","[-1.539299488067627, -1.2638765573501587]","[14.046258926391602, 3.1077401638031006]","[-1, 1]"
479103,0,528,1719504229,276898805,3051,2567224242,132,"[4.544562339782715, 2.517754316329956]","[1.9213933944702148, 2.1262266635894775]","[2.482468605041504, 2.9192755222320557]","[15.853768348693848, 10.704075813293457]","[1, -1]"
479103,0,528,1719504230,911927300,2044,2583700372,132,"[85.55043029785156, 5.753628253936768, 3.2105319499969482, 2.9072508811950684, 2.8131368160247803, 1.739605188369751]","[2.1861188411712646, 1.0256913900375366, 2.376133441925049, 0.3826196491718292, -2.341026782989502, 2.3785510063171387]","[-2.4691481590270996, 1.8699191808700562, 2.883909225463867, -2.8107643127441406, 1.8084471225738525, -0.6432273983955383]","[385.5310363769531, 9.055595397949219, 17.42727279663086, 3.1244544982910156, 14.752650260925293, 9.465731620788574]","[-1, 1, -1, -1, -1, -1]"
479103,0,528,1719504232,124542065,129,2583808791,132,"[6.658970355987549, 5.553408622741699, 2.754408121109009]","[0.8757306933403015, 0.4489724040031433, 2.4388020038604736]","[1.5745344161987305, 1.6161222457885742, -2.2132697105407715]","[9.380374908447266, 6.1235032081604, 15.902334213256836]","[-1, 1, 1]"
479103,0,528,1719504235,717425025,2892,2584131109,132,[],[],[],[],[]
479103,0,528,1719504244,156312785,1237,2617548141,132,"[9.973920822143555, 2.970649242401123]","[0.8413779139518738, -1.7519729137420654]","[2.4652607440948486, 0.16465400159358978]","[13.717924118041992, 8.8225679397583]","[-1, -1]"
479103,0,528,1719504245,315681100,95,2617652739,132,"[19.65488052368164, 2.598348379135132, 1.7094168663024902]","[1.338549256324768, -1.115323543548584, 2.3692240715026855]","[0.15925835072994232, 0.4250847399234772, -1.5502731800079346]","[40.054161071777344, 4.390355110168457, 9.216626167297363]","[-1, 1, -1]"
479103,0,528,1719504246,148073335,2480,2634055870,136,"[26.02006721496582, 3.76969051361084, 2.6044528484344482, 4.5008769035339355]","[-1.726036548614502, 1.5228506326675415, 2.2738730907440186, -0.005344817880541086]","[-0.4017387330532074, -1.3126572370529175, 1.2844223976135254, 1.0966342687606812]","[75.4105224609375, 9.054219245910645, 12.788138389587402, 4.502181053161621]","[1, 1, 1, 1]"
479103,0,528,1719504259,637033880,2990,2667925453,129,[],[],[],[],[]
479103,0,529,1719504265,270192335,1917,2684756644,136,"[51.79527282714844, 27.610082626342773, 6.436395645141602, 3.5398452281951904]","[0.9948808550834656, 2.3149962425231934, -0.7861276865005493, 2.1557998657226562]","[1.687872052192688, -1.3316236734390259, 1.2893428802490234, 0.6229844093322754]","[79.61380004882812, 141.13796997070312, 8.53044319152832, 15.488253593444824]","[1, -1, -1, -1]"
479103,0,530,1719504288,658476735,1977,2768505224,156,"[6.0083513259887695, 3.3040599822998047, 3.3057444095611572]","[-1.0656219720840454, -1.9670202732086182, -1.4045838117599487]","[0.10809104144573212, 2.156543016433716, -1.6589635610580444]","[9.755603790283203, 12.042465209960938, 7.140032768249512]","[1, 1, 1]"
479103,0,530,1719504296,840556165,540,2801898504,132,[],[],[],[],[]
479103,0,530,1719504299,864858370,3387,2802168343,140,"[6.3672709465026855, 4.985712051391602, 3.406768798828125, 3.30521559715271, 2.582719564437866]","[-0.10485071688890457, -1.5050371885299683, 0.7245168685913086, 2.3933963775634766, 1.7143261432647705]","[-1.6751620769500732, -2.5999958515167236, 1.0131596326828003, -1.404513955116272, -2.537801504135132]","[6.403174877166748, 11.782533645629883, 4.342007160186768, 18.248306274414062, 7.404141902923584]","[-1, 1, -1, -1, -1]"
479103,0,530,1719504303,533639560,853,2818828130,132,[],[],[],[],[]
479103,0,530,1719504321,901249935,900,2885794321,136,"[40.53023910522461, 3.0262012481689453, 2.841325521469116, 2.504204511642456]","[1.9166890382766724, -1.8766708374023438, 2.1322813034057617, -1.8704646825790405]","[-1.9502369165420532, -0.47329244017601013, -1.4570391178131104, -2.1387412548065186]","[140.75152587890625, 10.115360260009766, 12.150893211364746, 8.321346282958984]","[1, -1, 1, 1]"
479103,0,530,1719504325,702215925,93,2902465630,136,[25.247751235961914],[0.8148310780525208],[-0.924373209476471],[34.103668212890625],[1]
479103,0,531,1719504333,710284325,2785,2919512497,132,"[2.6449081897735596, 1.3806695938110352]","[-1.8522496223449707, 2.399737596511841]","[0.06696857511997223, -3.030524492263794]","[8.637629508972168, 7.671055316925049]","[-1, -1]"
479103,0,531,1719504338,250938010,2548,2936250706,132,"[28.881832122802734, 1.9150092601776123]","[0.8018603324890137, 2.2969741821289062]","[-3.041177749633789, 0.8837700486183167]","[38.675498962402344, 9.618341445922852]","[1, -1]"
479103,0,531,1719504344,59254620,554,2953100128,132,"[23.566970825195312, 17.58989906311035]","[2.1160147190093994, -1.6478763818740845]","[-0.9553713202476501, -0.6462090015411377]","[99.19947814941406, 47.390750885009766]","[-1, -1]"
479103,0,531,1719504356,932789725,1889,3003243867,136,"[5.4263129234313965, 4.109092712402344, 1.6047742366790771]","[1.7166558504104614, 2.2650623321533203, 2.3267629146575928]","[0.4690934717655182, -2.9208762645721436, 2.985933303833008]","[15.588934898376465, 20.00241470336914, 8.299229621887207]","[-1, -1, -1]"
479103,0,531,1719504364,31558580,2690,3020209977,136,"[18.51744842529297, 6.657303333282471, 2.9517531394958496]","[-1.8149328231811523, -1.75785231590271, 0.9778332710266113]","[-1.0057531595230103, -0.9382073283195496, 1.4659130573272705]","[58.36258316040039, 19.880260467529297, 4.480257511138916]","[-1, 1, -1]"
479103,0,532,1719504370,18598465,101,3037074338,132,[],[],[],[],[]
479103,0,532,1719504377,686512505,2056,3070422868,140,"[83.3409423828125, 4.012389659881592, 2.3289718627929688]","[1.6236553192138672, 1.75960373878479, 2.3174073696136475]","[-2.4314393997192383, -2.2139129638671875, 0.8090698719024658]","[219.55221557617188, 12.002019882202148, 11.933951377868652]","[-1, 1, 1]"
479103,0,532,1719504397,385578240,1693,3137508943,140,"[7.774268627166748, 3.117713212966919, 2.880127429962158, 6.638570785522461]","[-0.35507211089134216, -0.5016708374023438, 2.269928216934204, -0.20936381816864014]","[-2.3249051570892334, -2.5069832801818848, 0.2405085414648056, -2.2404770851135254]","[8.27018928527832, 3.5199198722839355, 14.087136268615723, 6.7854204177856445]","[1, -1, 1, 1]"
479103,0,532,1719504402,700981685,3062,3154315109,136,[20.998559951782227],[2.054485559463501],[-0.814253568649292],[83.26966094970703],[1]
479103,0,532,1719504402,918730510,1975,3154334654,132,[3.13678240776062],[0.04410535469651222],[-1.5040385723114014],[3.141611099243164],[-1]
479103,0,532,1719504417,85955660,441,3204593349,132,"[3.2236735820770264, 2.562770366668701]","[1.688614010810852, 1.767634630203247]","[-3.0306618213653564, -2.974170684814453]","[9.021666526794434, 7.724552631378174]","[-1, 1]"
479103,0,532,1719504417,207209620,2443,3204603966,140,[8.743205070495605],[-1.7482361793518066],[1.4047460556030273],[25.873729705810547],[1]
479103,0,533,1719504439,914050265,1870,3271957908,132,"[5.171802043914795, 2.8686420917510986]","[0.20907816290855408, 2.424474000930786]","[-2.7922475337982178, -0.0514490082859993]","[5.286309719085693, 16.329814910888672]","[1, -1]"
479103,0,533,1719504471,584240630,2630,3389108611,132,"[3.457977056503296, 3.156350612640381]","[-1.164786458015442, 1.8857746124267578]","[-1.4177253246307373, 2.9118757247924805]","[6.0821638107299805, 10.642428398132324]","[1, -1]"
479103,0,533,1719504485,894846755,2490,3439380948,132,"[5.123100280761719, 4.284304618835449, 3.1627039909362793, 2.37961745262146, 2.233333110809326]","[0.08765295892953873, 0.8255073428153992, 2.136721134185791, 1.9750202894210815, 0.8959592580795288]","[1.4680867195129395, 0.3978956937789917, -0.4810430407524109, -0.2350630909204483, 2.0174899101257324]","[5.14387845993042, 5.829864501953125, 13.583681106567383, 8.740407943725586, 3.19307017326355]","[-1, 1, 1, -1, 1]"
479103,0,534,1719504494,402963885,2685,3456468559,136,"[11.701642036437988, 8.676846504211426, 8.557482719421387, 2.544512987136841]","[0.5691025257110596, -0.906126081943512, 0.3086206614971161, 2.0865070819854736]","[-2.5020785331726074, 1.4020917415618896, -2.5378177165985107, 2.1028223037719727]","[13.648700714111328, 12.48991584777832, 8.96888542175293, 10.408668518066406]","[-1, 1, 1, -1]"
479103,0,535,1719504501,798250000,1653,3489797365,136,"[48.08002471923828, 43.09588623046875, 3.668275833129883]","[0.5350371599197388, 0.5547956228256226, 1.6885287761688232]","[-2.3340704441070557, 0.9774097800254822, -0.7331898212432861]","[55.1276741027832, 49.900291442871094, 10.264938354492188]","[-1, 1, -1]"
479103,0,535,1719504502,542865435,138,3489864099,132,[1.3555396795272827],[2.5715768337249756],[-0.984179675579071],[8.922014236450195],[-1]
479103,0,535,1719504504,464721520,986,3490036346,132,[],[],[],[],[]
479103,0,535,1719504508,723456440,3179,3506749591,132,[],[],[],[],[]
479103,0,535,1719504509,376362115,515,3506808159,132,[],[],[],[],[]
479103,0,535,1719504511,746329745,2217,3523348658,140,"[38.341041564941406, 2.95739483833313]","[-0.6970497369766235, 2.528984546661377]","[-3.1018433570861816, -1.6611555814743042]","[48.039005279541016, 18.662206649780273]","[-1, -1]"
479103,0,535,1719504512,291973780,2365,3523397570,132,"[3.177724599838257, 4.045939922332764, 3.4989309310913086]","[-1.3150397539138794, 1.0624812841415405, -0.9583253860473633]","[0.5199472308158875, 0.7789093852043152, -2.9575042724609375]","[6.345783233642578, 6.553532123565674, 5.233475208282471]","[1, -1, 1]"
479103,0,535,1719504529,508748120,3375,3573931693,132,"[10.184662818908691, 3.8058488368988037]","[2.0103437900543213, -1.2041162252426147]","[-2.623629570007324, -1.2666369676589966]","[38.70097732543945, 6.915594100952148]","[-1, 1]"
479103,0,535,1719504533,367251615,2704,3590607623,132,[],[],[],[],[]
479103,0,536,1719504568,994864655,640,3708110813,132,[5.85439920425415],[0.4158915877342224],[-0.024347595870494843],[6.368921279907227],[1]
479103,0,536,1719504576,510819685,3110,3741442984,132,[5.037843704223633],[2.4206128120422363],[2.1224701404571533],[28.568851470947266],[-1]
479103,0,536,1719504583,633302720,2763,3758412527,136,"[40.80772018432617, 40.7243537902832, 3.0074284076690674]","[1.0207786560058594, 0.1834586262702942, 1.673463225364685]","[0.7043935656547546, -2.5061473846435547, -2.021331310272217]","[63.97984313964844, 41.411746978759766, 8.298458099365234]","[-1, 1, 1]"
479103,0,536,1719504589,492493665,1152,3775266728,132,[8.631645202636719],[-0.5774058699607849],[3.045006275177002],[10.111505508422852],[1]
479103,0,536,1719504593,185086745,1386,3791928543,140,[48.983985900878906],[-1.888165831565857],[-0.13781841099262238],[165.53131103515625],[-1]
479103,0,536,1719504593,370580500,1281,3791945151,136,"[11.991997718811035, 10.988847732543945, 6.721496105194092, 5.735988140106201, 2.4646520614624023]","[-1.8645644187927246, -0.8302925825119019, -0.8791298270225525, 2.0220611095428467, -1.4422179460525513]","[2.3189380168914795, 1.806187629699707, 1.7777713537216187, -2.672060012817383, 2.6993985176086426]","[39.622230529785156, 14.999663352966309, 9.491161346435547, 22.044403076171875, 5.505161762237549]","[-1, -1, -1, 1, -1]"
479103,0,536,1719504593,616878335,365,3791967283,132,"[7.256361961364746, 3.322420358657837]","[-1.3681137561798096, -1.6403143405914307]","[2.8010921478271484, -2.432527780532837]","[15.175312042236328, 8.889281272888184]","[1, 1]"
479103,0,537,1719504621,814309905,1415,3892474198,132,[6.486649036407471],[-0.8526754379272461],[-0.12368244677782059],[8.991724967956543],[-1]
479103,0,537,1719504632,693778610,1755,3926109278,140,"[49.515113830566406, 1.176264762878418, 8.655267715454102]","[1.9880011081695557, 1.6330655813217163, -0.6460606455802917]","[1.2281720638275146, -2.929857015609741, -3.1156351566314697]","[184.1441192626953, 3.1276352405548096, 10.525837898254395]","[-1, 1, 1]"
479103,0,537,1719504637,791478440,2459,3942895773,132,"[9.739885330200195, 9.555009841918945, 4.052066326141357, 1.083906650543213, 3.7890384197235107]","[0.22203072905540466, -0.8136436343193054, 0.2035435289144516, 2.677257776260376, 0.861137330532074]","[1.6066536903381348, 2.807898998260498, 1.2407593727111816, -1.3614689111709595, 1.9041918516159058]","[9.9815092086792, 12.896607398986816, 4.137644290924072, 7.920758247375488, 5.283981800079346]","[1, -1, 1, -1, 1]"
479103,0,537,1719504643,857228580,356,3959768815,132,[3.8143162727355957],[-1.5668188333511353],[1.7861084938049316],[9.53654670715332],[1]
479103,0,538,1719504653,244034095,1594,3993270398,132,[],[],[],[],[]
479103,0,538,1719504658,888465915,3282,4010105817,136,[6.014842510223389],[-0.6593948602676392],[2.9629409313201904],[7.371303081512451],[1]
479103,0,538,1719504659,158825615,897,4010130057,132,"[2.6095526218414307, 2.6221635341644287, 2.585268020629883]","[-1.8988326787948608, 2.1727142333984375, -1.1549214124679565]","[-2.8100686073303223, 1.487060785293579, 2.533647060394287]","[8.909427642822266, 11.66380500793457, 4.511052131652832]","[1, -1, 1]"
479103,0,539,1719504665,459797530,3025,4043354930,132,[2.382699728012085],[1.7600226402282715],[-2.046340227127075],[7.130547046661377],[-1]
479103,0,539,1719504667,86160235,410,4043501503,128,[2.944836139678955],[-1.4327791929244995],[1.7966935634613037],[6.522156715393066],[-1]
479103,0,539,1719504669,73457445,967,4043680829,132,"[7.9025421142578125, 3.2961394786834717]","[0.006714588962495327, -0.6789892315864563]","[-2.757416248321533, 2.3014132976531982]","[7.903426647186279, 4.086952209472656]","[1, -1]"
479103,0,539,1719504705,265712915,1355,4177562138,129,[],[],[],[],[]
479103,0,539,1719504716,367027355,864,4211217066,132,[3.5440073013305664],[2.1974008083343506],[-3.137071371078491],[16.14804458618164],[1]
479103,0,539,1719504718,294209075,1318,4211389854,132,[],[],[],[],[]
479103,0,539,1719504721,871956440,3342,4228040522,140,"[30.85018539428711, 2.816624641418457, 2.7023394107818604, 2.544020652770996]","[1.5373905897140503, 1.4069302082061768, 2.485062837600708, -2.0286073684692383]","[-1.7579296827316284, -1.6407701969146729, -3.0320944786071777, 1.3118263483047485]","[75.07979583740234, 6.0965070724487305, 16.329490661621094, 9.839578628540039]","[-1, 1, 1, 1]"
479103,0,540,1719504730,430589340,241,4261467223,132,[3.719691753387451],[1.6780465841293335],[2.0336005687713623],[10.307478904724121],[-1]
479103,0,540,1719504730,922040395,2430,4261511375,132,"[3.015150785446167, 2.1783101558685303]","[2.3543167114257812, -2.244253396987915]","[-1.7746793031692505, -2.395082950592041]","[16.019678115844727, 10.390397071838379]","[-1, 1]"
479103,0,540,1719504731,411283185,1650,4261554990,132,[3.4506375789642334],[-1.8921616077423096],[-0.2757563292980194],[11.705796241760254],[-1]
479103,0,540,1719504733,781858695,2767,4261766268,132,[],[],[],[],[]
479103,0,541,1719504738,656603725,2620,4278532779,132,[15.341192245483398],[0.9747316837310791],[1.6868057250976562],[23.224884033203125],[-1]
479103,0,542,1719504760,653962950,353,67188522,132,"[2.7621281147003174, 2.848249673843384, 3.291163444519043]","[1.984002947807312, -1.60396409034729, 1.7387115955352783]","[-0.0603950060904026, -2.081907272338867, 2.3254683017730713]","[10.23327922821045, 7.368899822235107, 9.653156280517578]","[-1, -1, -1]"
479103,0,542,1719504765,92603755,3017,83916250,136,[2.2881200313568115],[-1.4433808326721191],[-0.7120732665061951],[5.116318225860596],[-1]
479103,0,542,1719504773,773176285,887,101024929,148,"[7.190438270568848, 5.409719467163086, 2.5074169635772705]","[-0.3280351459980011, -0.27907830476760864, 1.7059996128082275]","[1.761690616607666, 1.6597553491592407, -1.160000205039978]","[7.581527233123779, 5.622750282287598, 7.132476329803467]","[1, 1, -1]"
479103,0,542,1719504780,864333565,3128,134320533,132,"[2.7228102684020996, 2.7529380321502686, 2.698315143585205]","[1.3604334592819214, 2.1646759510040283, -1.4282567501068115]","[0.12287534028291702, -2.919778347015381, 1.5144681930541992]","[5.6568522453308105, 12.14995288848877, 5.952270984649658]","[1, 1, -1]"
479103,0,542,1719504794,775730420,1887,184556454,132,"[3.1087746620178223, 2.8031651973724365]","[-0.9332978129386902, 2.199232339859009]","[-0.15420083701610565, 0.42946362495422363]","[4.565115451812744, 12.795451164245605]","[1, -1]"
479103,0,542,1719504796,549994420,72,184716289,132,"[3.2855522632598877, 2.6713144779205322]","[-0.5826525688171387, -2.183548927307129]","[1.9178122282028198, -1.800788402557373]","[3.860651731491089, 12.008554458618164]","[1, 1]"
479103,0,542,1719504801,813234800,2867,201518415,132,"[6.23914909362793, 2.798827648162842, 2.223909378051758, 2.1993966102600098]","[0.47346606850624084, 1.9152748584747314, -2.3869707584381104, -2.2813456058502197]","[0.8141037821769714, 1.374584674835205, 2.5056512355804443, 3.0074570178985596]","[6.952428817749023, 9.707056999206543, 12.201260566711426, 10.8787202835083]","[1, -1, 1, 1]"
479103,0,542,1719504802,497939765,2338,201580200,132,"[3.226710319519043, 12.775333404541016]","[-1.3155372142791748, 2.0755527019500732]","[0.7154038548469543, 0.6387540698051453]","[6.446352958679199, 51.70466995239258]","[1, 1]"
479103,0,543,1719504812,306757530,2649,235117965,132,"[4.965304374694824, 2.7908432483673096]","[2.2998180389404297, -2.312438726425171]","[2.9551618099212646, -1.781381607055664]","[25.007095336914062, 14.230961799621582]","[-1, -1]"
479103,0,543,1719504839,455771455,194,319202970,132,[3.946808099746704],[0.21526631712913513],[-0.9243274927139282],[4.039990425109863],[-1]
479103,0,543,1719504840,986809585,1240,335668834,132,"[2.6996734142303467, 4.951140880584717]","[-1.732919454574585, -1.8904645442962646]","[1.1152859926223755, 0.7681228518486023]","[7.8755388259887695, 16.768476486206055]","[1, 1]"
479103,0,544,1719504880,611670340,2955,469859078,140,"[48.027374267578125, 2.1204960346221924, 2.616995096206665]","[1.6880851984024048, 1.4627240896224976, 1.646736979484558]","[-0.6182907819747925, -2.4834396839141846, 0.32058998942375183]","[134.33229064941406, 4.824553966522217, 7.0440354347229]","[1, -1, -1]"
479103,0,544,1719504883,539071955,3322,470121792,132,[],[],[],[],[]
479103,0,544,1719504886,652030005,2532,486730110,136,[2.3771026134490967],[-1.813407063484192],[-0.05308648943901062],[7.481962203979492],[1]
479103,0,544,1719504905,299571005,2439,553721508,136,"[13.660968780517578, 12.418622016906738, 4.02638578414917]","[-2.0758790969848633, -2.136289358139038, 2.04616641998291]","[-2.3212978839874268, -2.5172903537750244, -1.41139817237854]","[55.306514739990234, 53.313560485839844, 15.838964462280273]","[1, -1, 1]"
479103,0,544,1719504908,546456140,1925,554012813,156,"[27.053632736206055, 13.6989164352417, 9.756587982177734, 7.7619218826293945]","[-0.5758671760559082, -0.5417381525039673, 0.8100248575210571, -0.514081597328186]","[1.245955467224121, 1.1754512786865234, 0.6075472831726074, 1.1949018239974976]","[31.66495704650879, 15.759096145629883, 13.136748313903809, 8.811003684997559]","[-1, -1, 1, 1]"
479103,0,545,1719504924,968806455,449,620803053,132,"[1119.640869140625, 7.545941352844238, 2.4252755641937256, 1.9603936672210693]","[-0.7515556216239929, -1.2042218446731567, -1.9993284940719604, 2.228163003921509]","[-2.189915895462036, 0.23600006103515625, 0.11572187393903732, -0.9017766714096069]","[1451.014404296875, 13.71171760559082, 9.11906909942627, 9.205168724060059]","[1, -1, 1, -1]"
479103,0,545,1719504944,41565425,3171,671503961,136,"[46.48672866821289, 5.422613143920898, 2.6094024181365967]","[-1.6926453113555908, 0.8509598970413208, -1.1000864505767822]","[0.960727334022522, 2.0629642009735107, 0.4041996896266937]","[130.5782012939453, 7.5080766677856445, 4.355419158935547]","[1, -1, -1]"
479103,0,545,1719504947,823601890,2820,688172651,136,"[28.457210540771484, 3.965548038482666, 3.363727569580078, 2.941767930984497]","[1.2743088006973267, -1.9388219118118286, 2.4756851196289062, -1.9776633977890015]","[-1.9749115705490112, 2.8447508811950684, 2.7149720191955566, -2.3642730712890625]","[54.86351013183594, 14.06705093383789, 20.138839721679688, 10.83244514465332]","[1, -1, -1, 1]"
479103,0,545,1719504962,192440020,2139,738451241,132,[],[],[],[],[]
479103,0,545,1719504962,237945525,1185,738455285,132,[],[],[],[],[]
479103,0,545,1719504968,215065595,188,755319075,140,"[16.93929100036621, 6.447733402252197, 6.2495856285095215]","[-0.8876264691352844, -1.4892091751098633, -0.8673155307769775]","[0.4611411392688751, -0.8101646304130554, 0.48626014590263367]","[24.062395095825195, 15.020813941955566, 8.751899719238281]","[-1, 1, 1]"
479103,0,545,1719504968,763520330,2502,755368446,136,"[33.8556022644043, 5.046868801116943, 1.76776921749115]","[0.09342613071203232, -0.4523690342903137, 2.3106141090393066]","[-2.8531646728515625, 1.7266530990600586, 1.5710041522979736]","[34.00362777709961, 5.573126792907715, 8.998400688171387]","[1, 1, -1]"
479103,0,546,1719504993,687357065,2769,839251951,136,"[46.212013244628906, 35.06057357788086]","[-0.9558807015419006, -0.6211333870887756]","[-1.7071523666381836, 1.486419916152954]","[68.98152923583984, 42.04426956176758]","[1, -1]"
479103,0,546,1719505002,881213940,1140,872735792,132,[2.0896246433258057],[-2.2843854427337646],[2.6994709968566895],[10.366630554199219],[1]
479103,0,546,1719505006,306721250,3107,889373589,132,"[5.383776664733887, 5.209873676300049, 2.851315975189209, 2.756481409072876, 2.2492759227752686]","[-0.42708060145378113, 1.1004977226257324, -1.9930859804153442, -2.419241189956665, 1.9486074447631836]","[-2.9764811992645264, 0.4345894455909729, -3.003476858139038, -0.11293946206569672, -2.2570314407348633]","[5.883228778839111, 8.696877479553223, 10.656488418579102, 15.610750198364258, 8.054651260375977]","[1, -1, -1, -1, -1]"
479103,0,546,1719505016,589547380,1502,922955351,132,[6.700223445892334],[-0.7361530661582947],[-1.1028918027877808],[8.599853515625],[1]
479103,0,546,1719505033,563269245,1631,973465539,132,"[3.4456958770751953, 2.5280237197875977]","[1.9008831977844238, -2.126667022705078]","[1.1982123851776123, 1.6812479496002197]","[11.786887168884277, 10.752331733703613]","[-1, -1]"
479103,0,546,1719505039,432914725,2039,1006652583,132,"[12.322190284729004, 5.439842700958252]","[1.051237940788269, -1.02289879322052]","[-1.4316116571426392, -2.0399093627929688]","[19.78168487548828, 8.543373107910156]","[-1, 1]"
479103,0,547,1719505046,586354740,2144,1023622152,132,"[3.4193849563598633, 2.1958518028259277, 3.5569138526916504]","[-2.347658634185791, 2.297056198120117, -2.0501110553741455]","[1.8417258262634277, -1.7321457862854004, 1.5147738456726074]","[18.048917770385742, 11.029630661010742, 14.045733451843262]","[1, 1, 1]"
479103,0,548,1719505074,583356535,3431,1124112763,132,"[3.0521626472473145, 4.1425886154174805]","[-1.3924357891082764, 1.7712701559066772]","[-0.5492995977401733, 0.41927370429039]","[6.521970272064209, 12.52852725982666]","[1, -1]"
479103,0,548,1719505094,473501670,2298,1191215137,132,[],[],[],[],[]
479103,0,548,1719505100,139908455,848,1208053064,140,"[9.610174179077148, 8.193397521972656, 4.3159661293029785, 3.5071847438812256]","[-1.047275424003601, -1.1039801836013794, -0.3811322748661041, -2.396238088607788]","[0.958914041519165, 0.6088386178016663, -2.8631060123443604, 2.7232584953308105]","[15.380332946777344, 13.714908599853516, 4.634456634521484, 19.417545318603516]","[1, -1, 1, 1]"
479103,0,548,1719505102,314300810,1330,1208246771,132,[7.100037574768066],[1.3010098934173584],[-0.5914046168327332],[14.006148338317871],[1]
479103,0,549,1719505125,143220955,206,1291944078,136,"[23.974262237548828, 5.651233196258545]","[1.963698387145996, 0.14695018529891968]","[2.9898574352264404, -1.2809836864471436]","[87.09819793701172, 5.7133378982543945]","[-1, 1]"
479103,0,550,1719505156,643676890,1861,1392513270,132,[9.94454288482666],[0.28215840458869934],[2.0371413230895996],[10.343575477600098],[1]
479103,0,550,1719505168,773952155,2018,1426490956,132,"[6.774266719818115, 3.5971145629882812, 3.0474023818969727]","[0.8452644348144531, 0.42272743582725525, -1.6465206146240234]","[0.9292517900466919, 2.7952005863189697, 2.963648796081543]","[9.342437744140625, 3.9247512817382812, 8.200651168823242]","[-1, -1, 1]"
479103,0,550,1719505177,714800320,3204,1459952980,132,"[85.86688232421875, 54.472957611083984, 46.047855377197266, 5.665684223175049]","[-2.2602992057800293, -2.2356414794921875, -0.9504790902137756, 1.7205485105514526]","[-0.7180725932121277, 1.6061058044433594, 1.8277918100357056, 2.1488423347473145]","[416.03692626953125, 257.6408386230469, 68.46183776855469, 16.336095809936523]","[1, 1, -1, -1]"
479103,0,550,1719505178,221454235,1700,1459997896,132,[2.881377696990967],[-1.9131801128387451],[0.4691523015499115],[9.973308563232422],[-1]
479103,0,550,1719505181,743790800,3288,1476644777,132,[6.7863640785217285],[0.8996797204017639],[1.1764484643936157],[9.72378921508789],[-1]
479103,0,550,1719505204,668857920,2952,1560350547,132,"[2.7308573722839355, 6.221671104431152]","[-1.6110249757766724, 1.8491723537445068]","[-0.7845981121063232, -0.3561689257621765]","[7.111424922943115, 20.257802963256836]","[1, -1]"
479103,0,550,1719505210,888256930,346,1577236746,132,"[5.145847797393799, 3.1118338108062744, 4.0424723625183105]","[0.5512910485267639, 2.483370780944824, -1.956557035446167]","[0.7479274272918701, 2.21667742729187, 2.4849541187286377]","[5.948760032653809, 18.772504806518555, 14.586169242858887]","[1, 1, 1]"
479103,0,551,1719505222,542162240,433,1610940547,136,"[30.180421829223633, 6.1029791831970215, 4.469970226287842, 3.173297166824341, 2.631826877593994]","[1.5345951318740845, -2.3285109996795654, 2.3056888580322266, -1.6331145763397217, 1.8104416131973267]","[1.887988567352295, 3.045883893966675, -0.15878726541996002, 1.9727684259414673, -1.891871452331543]","[73.26289367675781, 31.613882064819336, 22.642379760742188, 8.433883666992188, 8.260307312011719]","[-1, 1, -1, -1, 1]"
479103,0,551,1719505240,490566620,3395,1677870335,132,[],[],[],[],[]
479103,0,551,1719505242,143948875,240,1678017470,132,[3.08062481880188],[-0.8466171026229858],[-2.236107349395752],[4.253512382507324],[1]
479103,0,551,1719505244,923839870,1209,1694597888,129,[],[],[],[],[]
479103,0,551,1719505246,159531775,1126,1694708234,136,"[99.62002563476562, 17.725540161132812, 3.3997511863708496, 2.737422227859497, 2.3294496536254883]","[-0.666861891746521, 0.5789631605148315, -0.8669657111167908, -1.902082085609436, 2.162968873977661]","[-0.32575613260269165, 1.7100615501403809, -1.6855409145355225, -1.9669246673583984, 0.8554020524024963]","[122.60396575927734, 20.7805118560791, 4.7606611251831055, 9.375016212463379, 10.263985633850098]","[-1, 1, -1, -1, -1]"
479103,0,551,1719505250,400646935,2809,1711418531,136,"[29.360681533813477, 3.5170185565948486, 2.661917209625244, 2.7444097995758057, 2.1253440380096436]","[0.37738704681396484, 0.6712844967842102, 2.4174959659576416, 1.9195159673690796, -1.6057826280593872]","[2.154158353805542, 1.2864601612091064, -2.972647190093994, -0.18501876294612885, 2.203416347503662]","[31.476579666137695, 4.340936660766602, 15.049359321594238, 9.557080268859863, 5.508299827575684]","[1, -1, 1, 1, 1]"
479103,0,551,1719505252,111139765,499,1711571263,132,[2.486727237701416],[-2.271700382232666],[-0.765160858631134],[12.18419075012207],[-1]
479103,0,551,1719505261,655992815,2892,1745085732,140,"[14.266210556030273, 2.8504366874694824]","[-1.5301836729049683, 2.3722894191741943]","[-0.6104524731636047, -1.6892616748809814]","[34.4924430847168, 15.414352416992188]","[1, 1]"
479103,0,551,1719505272,817910355,663,1778746366,140,"[25.912796020507812, 3.177248954772949]","[1.4262727499008179, 1.6837810277938843]","[-1.6538854837417603, -0.5070542097091675]","[57.051727294921875, 8.85173511505127]","[1, 1]"
479103,0,552,1719505287,610629840,2687,1829063105,132,"[5.311549186706543, 2.1175007820129395, 2.698802947998047]","[0.2773357331752777, 1.6887434720993042, 1.471740484237671]","[-1.3043467998504639, -0.9556384682655334, -0.06484150886535645]","[5.5181427001953125, 5.927219390869141, 6.189712047576904]","[-1, -1, 1]"
479103,0,552,1719505317,512238100,1327,1929723648,132,[2.917212963104248],[1.954052448272705],[-0.8942716121673584],[10.500933647155762],[1]
479103,0,552,1719505318,173079400,3083,1929782782,132,"[23.660287857055664, 21.375391006469727, 3.5656018257141113, 3.3290774822235107, 2.9032788276672363, 2.84723162651062, 1.1536309719085693]","[2.030154228210449, 1.0456725358963013, -1.8125797510147095, 1.433154582977295, 1.6211656332015991, -0.6957632899284363, 2.4405605792999268]","[-1.4562315940856934, 0.6728782653808594, -0.3557423949241638, 2.6341118812561035, 0.5188896656036377, -1.9593236446380615, 3.002279043197632]","[91.6431655883789, 34.16623306274414, 11.213359832763672, 7.375424385070801, 7.631494522094727, 3.5662038326263428, 6.6726226806640625]","[-1, -1, 1, 1, 1, -1, -1]"
479103,0,552,1719505324,62810425,3035,1962971185,136,[24.691762924194336],[-0.3013860881328583],[2.700864791870117],[25.821914672851562],[-1]
479103,0,552,1719505330,374491370,3126,1979866481,132,[],[],[],[],[]
479103,0,552,1719505330,783632580,3121,1979902910,132,[],[],[],[],[]
479103,0,552,1719505332,485387510,3441,1980054700,132,[],[],[],[],[]
479103,0,553,1719505343,937946560,2673,2030072417,132,"[5.9839863777160645, 3.862070083618164]","[1.6146063804626465, -0.5478091239929199]","[-0.05082166939973831, -0.9087278246879578]","[15.633156776428223, 4.457453727722168]","[1, -1]"
479103,0,553,1719505359,600182090,1650,2080465502,132,[5.356802940368652],[0.9961216449737549],[2.4850807189941406],[8.242302894592285],[1]
479103,0,554,1719505401,234301270,233,2214836829,136,"[37.15414810180664, 32.5920295715332, 5.422626972198486]","[1.7521135807037354, -2.011606216430664, 0.5575090646743774]","[-0.3733183741569519, 1.9263677597045898, -0.5620675086975098]","[110.351318359375, 123.99786376953125, 6.288290500640869]","[-1, 1, 1]"
479103,0,554,1719505404,125457245,2024,2231426380,140,"[14.045428276062012, 10.587684631347656, 4.558854103088379, 3.093276023864746, 45.89742660522461]","[-0.88355553150177, 0.174521341919899, -1.3042312860488892, -1.1186500787734985, 0.166493758559227]","[-0.6922983527183533, 2.0203607082366943, -1.5903491973876953, -0.3048749566078186, 1.968551754951477]","[19.894210815429688, 10.749852180480957, 9.018570899963379, 5.240209102630615, 46.535160064697266]","[1, 1, 1, 1, -1]"
479103,0,554,1719505433,122029040,2125,2315674886,132,[9.263236999511719],[-0.15641234815120697],[1.0766254663467407],[9.377375602722168],[-1]
479103,0,554,1719505435,822365525,847,2332247337,136,[],[],[],[],[]
479103,0,555,1719505455,7719845,687,2399286415,132,"[3.0806386470794678, 2.6276066303253174]","[2.0879604816436768, -1.0538767576217651]","[2.354391098022461, -1.8260232210159302]","[12.619327545166016, 4.228265762329102]","[1, 1]"
479103,0,555,1719505475,664708350,1476,2466456981,132,[4.753750801086426],[2.3436696529388428],[2.8636443614959717],[24.99396514892578],[-1]
479103,0,555,1719505484,387133970,1695,2499873125,140,"[17.980411529541016, 3.438232898712158]","[-0.4321221709251404, -1.3511791229248047]","[2.232866048812866, -2.7709925174713135]","[19.685718536376953, 7.085114479064941]","[1, 1]"
479103,0,555,1719505494,721650625,1109,2533485219,132,[60.16340637207031],[-2.2485804557800293],[0.5183390378952026],[288.177490234375],[1]
479103,0,556,1719505507,264912080,2112,2567243889,129,[],[],[],[],[]
479103,0,556,1719505529,156035685,1011,2650880961,136,"[4.594968318939209, 4.29755973815918, 3.311920642852783]","[2.219663381576538, -2.4334633350372314, 2.439840316772461]","[-1.5054590702056885, 2.383591413497925, 2.140382766723633]","[21.39645004272461, 24.6811580657959, 19.14051628112793]","[-1, 1, -1]"
479103,0,556,1719505534,89922355,1140,2667653295,136,"[25.098434448242188, 7.497719764709473, 2.769601583480835, 2.495715379714966]","[1.2765198945999146, 1.3631503582000732, -0.7177568674087524, 1.6812613010406494]","[-2.3504021167755127, -2.5664021968841553, 0.07568974047899246, -2.628230571746826]","[48.47964096069336, 15.611886978149414, 3.5157628059387207, 6.936980247497559]","[-1, 1, 1, -1]"
479103,0,556,1719505534,310778995,3435,2667673116,132,"[49.38375473022461, 3.213264226913452, 2.740602493286133]","[-0.11423910409212112, 2.0838444232940674, 2.0984609127044678]","[2.488858699798584, 2.3952295780181885, -0.8461805582046509]","[49.706459045410156, 13.11014461517334, 11.341456413269043]","[1, -1, -1]"
479103,0,556,1719505539,602755285,3200,2684475739,148,[2.6568403244018555],[2.4250380992889404],[0.8844887018203735],[15.13258171081543],[1]
479103,0,557,1719505575,566249435,1678,2802008694,129,[],[],[],[],[]
479103,0,557,1719505615,244510080,1642,2936204668,136,"[75.7100601196289, 36.11426544189453, 5.303615570068359, 3.429673433303833]","[2.0574817657470703, 2.3401694297790527, -1.5036404132843018, -0.4716646373271942]","[-1.2578457593917847, 2.559568166732788, -2.8906075954437256, 1.0309069156646729]","[301.0993957519531, 189.2262725830078, 12.517915725708008, 3.8197555541992188]","[-1, 1, 1, 1]"
479103,0,557,1719505617,366190955,2954,2936392907,132,"[16.019960403442383, 2.9164328575134277]","[-1.6656665802001953, -1.6134917736053467]","[-2.158559560775757, 2.4095468521118164]","[43.880897521972656, 7.61189603805542]","[-1, -1]"
479103,0,557,1719505618,144361640,2671,2952796592,132,[6.312924861907959],[2.306854486465454],[-0.2623870372772217],[32.0141487121582],[1]
479103,0,557,1719505619,383127150,1035,2952905717,140,"[41.19365692138672, 2.164424180984497]","[0.29288753867149353, -2.1026248931884766]","[1.4135429859161377, 1.9273202419281006]","[42.97331237792969, 8.993552207946777]","[-1, 1]"
479103,0,558,1719505632,515713900,2962,2986739816,136,"[38.33383560180664, 2.7385520935058594, 2.76511812210083]","[1.8486244678497314, -1.0191601514816284, -2.155102014541626]","[0.7311119437217712, -2.950556755065918, -2.096972942352295]","[124.74852752685547, 4.289551734924316, 12.090473175048828]","[1, -1, -1]"
479103,0,558,1719505634,176818615,2811,3003222509,136,[13.339239120483398],[-1.1664026975631714],[1.344877004623413],[23.490026473999023],[1]
479103,0,558,1719505643,329997775,3173,3036703327,136,"[37.37338638305664, 6.256449222564697]","[1.6500643491744995, 0.607082724571228]","[-3.0181937217712402, -0.1262698918581009]","[100.8960952758789, 7.445950508117676]","[-1, -1]"
479103,0,558,1719505646,438290555,732,3036977960,132,"[10.630583763122559, 2.55096435546875]","[1.3341822624206543, -1.385654330253601]","[-1.695610761642456, -2.4882540702819824]","[21.581743240356445, 5.418769359588623]","[1, -1]"
479103,0,558,1719505651,182627080,2334,3053732949,136,"[17.490562438964844, 15.618115425109863, 5.650506496429443, 2.303516387939453]","[-1.3626294136047363, -1.3488696813583374, -1.6214373111724854, 1.7506906986236572]","[-1.420048475265503, -1.3650603294372559, -2.832667827606201, 0.0663369670510292]","[36.40184783935547, 32.11571502685547, 14.855480194091797, 6.833314418792725]","[1, -1, -1, -1]"
479103,0,558,1719505654,791548420,2815,3070388574,148,"[104.29590606689453, 2.973609447479248, 2.922074317932129, 3.3408989906311035]","[-0.8289549946784973, -0.7655764818191528, -1.3298975229263306, -0.6213361620903015]","[-1.8067760467529297, -2.9914803504943848, 1.7131069898605347, -2.4144845008850098]","[142.2298583984375, 3.8898744583129883, 5.911073684692383, 4.008199214935303]","[1, -1, 1, 1]"
479103,0,558,1719505656,973471460,2179,3070580949,132,[2.6111912727355957],[-1.727569580078125],[-0.5826185941696167],[7.5792975425720215],[-1]
479103,0,558,1719505657,357202160,3051,3070614714,136,"[36.11394500732422, 15.161941528320312, 6.113564968109131]","[0.7217621803283691, 0.8263404369354248, -1.0379775762557983]","[0.6683313250541687, 0.5860370993614197, -1.612838625907898]","[45.93619155883789, 20.6401424407959, 9.714024543762207]","[1, -1, -1]"
479103,0,558,1719505659,631713200,3123,3087153054,132,[2.6373684406280518],[2.2091753482818604],[1.388413906097412],[12.156081199645996],[1]
479103,0,569,1719505932,490942590,343,3187674845,132,"[6.011420726776123, 2.8503246307373047, 2.835129737854004]","[2.1632297039031982, -2.503544330596924, -1.9717658758163452]","[-2.9095375537872314, 1.6261038780212402, 1.6147468090057373]","[26.49296760559082, 17.54056739807129, 10.380743026733398]","[-1, 1, 1]"
479103,0,569,1719505932,921108060,1865,3187715330,132,[],[],[],[],[]
479103,0,569,1719505939,572029595,1710,3204650049,136,"[23.595521926879883, 2.655486822128296]","[1.5016520023345947, -2.197202205657959]","[-1.5112427473068237, 1.0485938787460327]","[55.589508056640625, 12.09741497039795]","[1, 1]"
479103,0,569,1719505939,927953420,79,3204683560,132,"[20.17276382446289, 5.643587589263916, 1.8647851943969727, 2.7229340076446533, 2.6256515979766846, 26.06182098388672]","[-0.05876491591334343, -0.8671977519989014, 2.1523241996765137, 2.1381852626800537, 2.0424463748931885, 2.2009072303771973]","[0.6564154028892517, 2.913651466369629, -2.954399585723877, 1.8517355918884277, -2.9449803829193115, -2.6110334396362305]","[20.207881927490234, 7.902740955352783, 8.132126808166504, 11.711674690246582, 10.291990280151367, 119.15348815917969]","[1, -1, -1, -1, -1, 1]"
479103,0,570,1719505944,331163375,1183,3221404566,132,[],[],[],[],[]
479103,0,570,1719505946,744522540,2741,3221631650,129,[],[],[],[],[]
479103,0,571,1719505956,833734765,118,3255194603,136,[4.502476215362549],[-0.16069817543029785],[-0.36250782012939453],[4.561960697174072],[-1]
479103,0,572,1719505968,935134930,1291,3305257767,148,[],[],[],[],[]
479103,0,572,1719505971,489651680,668,3305498464,136,"[25.967294692993164, 3.5211730003356934]","[0.542181670665741, 1.7007019519805908]","[2.447692632675171, 0.7981942892074585]","[29.878583908081055, 9.966090202331543]","[1, 1]"
479103,0,573,1719505981,695420235,663,3355851819,136,"[35.1381950378418, 16.07378387451172, 2.84682559967041, 2.606130361557007, 2.4862053394317627]","[1.5538431406021118, -1.0422978401184082, -2.3548989295959473, -0.869722306728363, -1.8428224325180054]","[0.0011407131096348166, 2.1081392765045166, -1.885813593864441, 2.3908371925354004, -0.05514098331332207]","[86.80977630615234, 25.62479591369629, 15.134047508239746, 3.657036304473877, 8.046930313110352]","[1, -1, 1, 1, 1]"
479103,0,573,1719505985,791601485,2864,3372544743,136,[7.688436031341553],[-0.28169170022010803],[0.5853850841522217],[7.996196269989014],[1]
479103,0,575,1719506012,310572110,3426,3472885493,132,[],[],[],[],[]
479103,0,576,1719506045,423047245,1398,3573848034,132,[4.394155979156494],[1.6988121271133423],[-2.4780995845794678],[12.41470718383789],[-1]
479103,0,576,1719506067,940969730,2680,3657504522,132,[3.451714277267456],[-1.680081844329834],[-0.0007918839692138135],[9.583151817321777],[1]
479103,0,577,1719506074,808265870,3385,3674457506,132,"[12.146190643310547, 6.610077381134033, 4.324451446533203, 2.9394631385803223, 2.6985743045806885, 2.6576550006866455]","[1.5663676261901855, -1.3513668775558472, 1.1858141422271729, 2.3603312969207764, 1.6231576204299927, -1.6159310340881348]","[-3.1212806701660156, -3.0586605072021484, -2.9794890880584717, -2.82322096824646, -1.7525851726531982, -3.0047032833099365]","[30.35365104675293, 13.622416496276855, 7.738998889923096, 15.710095405578613, 7.106598377227783, 6.952267646789551]","[1, -1, 1, 1, -1, 1]"
479103,0,577,1719506078,846987235,1433,3691145979,132,"[9.90477466583252, 2.5912973880767822]","[-0.3844843804836273, -1.9758347272872925]","[-2.8964169025421143, -1.1238285303115845]","[10.646464347839355, 9.525266647338867]","[-1, 1]"
479103,0,577,1719506080,577870460,193,3691308625,132,"[2.926990509033203, 2.1702094078063965]","[-1.558016300201416, -1.7415320873260498]","[-1.289677619934082, -1.7668790817260742]","[7.259623050689697, 6.382734298706055]","[1, 1]"
479103,0,577,1719506099,481135795,2769,3758317836,136,"[40.35337829589844, 2.6206016540527344, 5.258633613586426]","[-2.0344321727752686, 1.726704716682434, 1.9936705827713013]","[-0.7712180614471436, 1.7700716257095337, -2.730705738067627]","[156.9477081298828, 7.600435256958008, 19.663972854614258]","[1, 1, 1]"
479103,0,577,1719506124,684106445,3041,3842226733,132,"[3.955355167388916, 2.655775308609009]","[-1.4080549478530884, 1.700034260749817]","[-0.45933255553245544, 1.9483346939086914]","[8.569167137145996, 7.512354373931885]","[1, 1]"
479103,0,577,1719506129,336657055,442,3858972701,136,"[5.137180328369141, 3.8257431983947754, 2.7124154567718506, 4.450163841247559]","[1.722435712814331, -1.8892267942428589, 2.0622739791870117, 1.672235369682312]","[2.09582257270813, 1.4317092895507812, 0.13837051391601562, 2.091480016708374]","[14.838550567626953, 12.941851615905762, 10.837965965270996, 12.264845848083496]","[1, -1, -1, 1]"
479103,0,578,1719506143,399617795,670,3909220000,132,[],[],[],[],[]
479103,0,578,1719506157,381037740,1015,3959436053,132,"[3.4431815147399902, 2.5044939517974854]","[-0.7198528051376343, -1.3896371126174927]","[1.480230689048767, -1.515307903289795]","[4.375760078430176, 5.338822364807129]","[-1, -1]"
479103,0,578,1719506157,617090030,2892,3959458191,132,"[297.9492492675781, 5.220277309417725, 1.6182540655136108]","[2.2985830307006836, 0.06870955973863602, 1.999480962753296]","[-2.119696855545044, 1.2324104309082031, 2.414825439453125]","[1498.7532958984375, 5.233671188354492, 6.086060047149658]","[1, 1, -1]"
479103,0,578,1719506168,504640220,2806,3993119848,136,"[42.501380920410156, 39.5317497253418, 7.720057487487793, 2.7057507038116455]","[1.4541205167770386, 0.8440655469894409, -0.8943023085594177, -1.7782942056655884]","[1.9143908023834229, -1.6666055917739868, 2.043203592300415, 2.6754839420318604]","[95.93254089355469, 54.470157623291016, 11.01904296875, 8.237896919250488]","[-1, 1, 1, -1]"
479103,0,578,1719506178,82005030,249,4026636186,132,"[3.904487371444702, 3.987699031829834]","[-1.8897510766983032, 1.9221709966659546]","[-0.9134149551391602, 2.370832681655884]","[13.214828491210938, 13.921601295471191]","[1, -1]"
479103,0,578,1719506178,141143550,400,4026641842,140,[2.9106316566467285],[2.29824161529541],[2.422905206680298],[14.636630058288574],[1]
479103,0,579,1719506196,401566825,2683,4077281883,140,"[30.38803482055664, 7.5639567375183105, 6.974202632904053]","[-0.1806764304637909, -0.8229714035987854, -2.3275914192199707]","[-3.034773588180542, -0.052651602774858475, 1.442486047744751]","[30.88555908203125, 10.273838996887207, 36.09425735473633]","[1, -1, 1]"
479103,0,579,1719506198,658974180,1545,4093803446,136,"[28.777969360351562, 5.335874080657959, 2.6902084350585938, 4.053307056427002]","[1.71964693069458, -0.18121393024921417, -2.1685032844543457, 0.719447135925293]","[-0.548913836479187, 3.0984411239624023, -2.142167806625366, 2.29276442527771]","[82.9048843383789, 5.4247541427612305, 11.917465209960938, 5.149430751800537]","[1, -1, 1, -1]"
479103,0,579,1719506203,308180540,344,4110548569,136,[13.404006958007812],[-0.8237150311470032],[-2.024007558822632],[18.214670181274414],[-1]
479103,0,579,1719506220,150343880,2463,4161056378,132,"[4.562955856323242, 2.5315141677856445]","[1.9555346965789795, 2.079392910003662]","[0.5358788371086121, -2.74611234664917]","[16.447938919067383, 10.284334182739258]","[1, 1]"
479103,0,580,1719506254,530417745,3233,4278443746,156,"[25.74054527282715, 8.99189281463623, 3.862581729888916, 3.1702933311462402]","[-1.6374629735946655, -0.8982835412025452, -2.302565336227417, 2.2902896404266357]","[-0.7840039134025574, -0.7128722071647644, -2.7779464721679688, -3.00170636177063]","[68.68331909179688, 12.870767593383789, 19.50594711303711, 15.818587303161621]","[-1, 1, 1, -1]"
479103,0,580,1719506255,481537955,2609,4278533404,136,"[14.971644401550293, 9.215536117553711, 7.085099220275879, 5.680434703826904, 4.684405326843262, 2.0828795433044434]","[2.0100812911987305, 1.806735634803772, 0.006995691452175379, 0.3358319103717804, 1.8349947929382324, -2.4604575634002686]","[-0.020805897191166878, 0.14572635293006897, -1.6094491481781006, 0.19742503762245178, 0.733203113079071, -1.0546047687530518]","[56.87664031982422, 28.82050323486328, 7.086060047149658, 6.004714488983154, 15.048357009887695, 12.28482437133789]","[1, -1, -1, -1, -1, 1]"
479103,0,580,1719506257,494047960,1493,64485,136,"[10.676854133605957, 6.148586273193359, 3.5686755180358887]","[1.2351720333099365, 0.9236130714416504, -1.975281834602356]","[2.9774272441864014, -3.0853328704833984, -2.9378890991210938]","[19.911304473876953, 8.96358585357666, 13.110621452331543]","[-1, 1, 1]"
479103,0,580,1719506260,20898605,445,302565,136,"[382.5316162109375, 44.365989685058594]","[-1.647552728652954, -0.4884825348854065]","[1.5108604431152344, -1.4511405229568481]","[1030.3055419921875, 49.7653923034668]","[-1, -1]"
479103,0,580,1719506275,923350265,674,50721185,132,"[2.998286485671997, 2.7763710021972656, 2.1935529708862305, 5.052225112915039]","[-2.082221031188965, -2.1305978298187256, 1.7184092998504639, -1.3426977396011353]","[0.9803488254547119, 2.1673738956451416, 2.808842420578003, 2.9188225269317627]","[12.21385669708252, 11.85372257232666, 6.312836647033691, 10.33360481262207]","[1, -1, 1, 1]"
479103,0,580,1719506299,248456695,2631,134454493,140,"[115.90278625488281, 12.49059009552002, 5.381814479827881, 40.15607452392578, 3.7002835273742676, 2.540367603302002]","[0.1571604609489441, 0.2449372559785843, 1.0630309581756592, 2.2163922786712646, 2.0129611492156982, -1.3419402837753296]","[-2.9974722862243652, -2.9686009883880615, 1.1503732204437256, 0.47969675064086914, -2.5476040840148926, -2.1329867839813232]","[117.33715057373047, 12.867582321166992, 8.720632553100586, 186.38795471191406, 14.096704483032227, 5.193330764770508]","[1, -1, -1, 1, 1, 1]"
479103,0,580,1719506302,394477940,1172,151059091,148,"[5.460787773132324, 4.31074333190918]","[-0.6503551006317139, 1.4660913944244385]","[3.033362627029419, 0.857807993888855]","[6.657761096954346, 9.835732460021973]","[-1, -1]"
479103,0,580,1719506303,616152245,2390,151173843,132,[3.0411970615386963],[-2.183696746826172],[0.7953468561172485],[13.673164367675781],[-1]
479103,0,580,1719506306,865141225,660,167786862,132,[],[],[],[],[]
479103,0,580,1719506307,499089770,910,167846656,132,[217.2076416015625],[-1.6799336671829224],[-1.7740988731384277],[602.9235229492188],[-1]
479103,0,581,1719506334,737044875,2691,251947422,132,"[4.135807514190674, 2.78755259513855]","[-1.5545051097869873, -1.7467118501663208]","[-2.31717848777771, -2.1016674041748047]","[10.224340438842773, 8.23797607421875]","[-1, -1]"
479103,0,581,1719506342,455779775,2886,285289214,148,"[5.292118072509766, 4.999942779541016]","[2.1111557483673096, -2.031324625015259]","[-1.7085866928100586, -0.6956084370613098]","[22.17125701904297, 19.388418197631836]","[-1, -1]"
479103,0,581,1719506356,509315940,3171,319225222,132,"[2.573773145675659, 2.0585272312164307]","[2.3794431686401367, -2.0003392696380615]","[-0.09721215069293976, -1.9680885076522827]","[14.016510963439941, 7.747836589813232]","[-1, 1]"
479103,0,581,1719506366,141225690,1987,352747487,132,"[3.3268625736236572, 1.2707288265228271]","[0.7036876678466797, 2.683018207550049]","[-0.7358807325363159, 0.28084298968315125]","[4.186443328857422, 9.338890075683594]","[-1, -1]"
479103,0,582,1719506392,255407030,2339,453050762,132,[],[],[],[],[]
479103,0,582,1719506393,199475860,659,453139349,136,"[24.65363311767578, 8.227992057800293]","[1.6280580759048462, -0.17241905629634857]","[-0.0692804604768753, -2.9171218872070312]","[65.21244049072266, 8.351265907287598]","[1, -1]"
479103,0,582,1719506393,978653855,1544,453211944,140,"[84.65306091308594, 6.2510833740234375, 2.51204252243042]","[-1.4501625299453735, 0.26824259757995605, -1.7314119338989258]","[2.0142710208892822, 2.4230427742004395, 1.4477035999298096]","[190.39913940429688, 6.478192329406738, 7.317913055419922]","[1, 1, -1]"
479103,0,582,1719506401,366212340,865,470213054,132,[2.657816171646118],[-1.240540623664856],[1.7369658946990967],[4.980154037475586],[1]
479103,0,584,1719506432,947927120,1796,604120974,136,"[21.00765037536621, 3.307239055633545, 2.8886911869049072, 2.7166266441345215]","[0.5453264713287354, -1.3677806854248047, -2.4808406829833984, 1.2411048412322998]","[1.832823395729065, 1.955298900604248, 0.12674425542354584, -0.5269409418106079]","[24.209699630737305, 6.915083408355713, 17.382991790771484, 5.092731475830078]","[1, -1, -1, 1]"
479103,0,584,1719506435,589581810,852,604372622,136,"[29.30499267578125, 3.3741085529327393]","[-1.8841001987457275, -1.8154553174972534]","[3.067195177078247, 0.4113207757472992]","[98.64646911621094, 10.64016342163086]","[1, -1]"
479103,0,584,1719506445,169867305,1305,637887148,132,"[8.040820121765137, 2.8026845455169678, 2.8675856590270996]","[1.9454495906829834, -1.918330430984497, 2.414123296737671]","[-2.3585474491119385, -1.745003581047058, -0.9762189984321594]","[28.704713821411133, 9.74891471862793, 16.15834617614746]","[-1, -1, -1]"
479103,0,584,1719506448,397554090,1165,654497607,136,"[10.998611450195312, 6.535384654998779, 5.2324347496032715, 4.348456382751465, 2.6277554035186768, 2.047701120376587]","[-1.331987977027893, -1.2167824506759644, 0.33500638604164124, -1.818543791770935, -2.2599987983703613, -1.9607245922088623]","[0.7418273687362671, 1.0023938417434692, 0.7828764319419861, 1.2923232316970825, -2.0319197177886963, 1.501715898513794]","[22.286293029785156, 12.00102710723877, 5.529816627502441, 13.752702713012695, 12.728534698486328, 7.4187846183776855]","[-1, 1, 1, 1, -1, 1]"
479103,0,584,1719506451,504457190,51,671096108,129,[],[],[],[],[]
479103,0,584,1719506456,803072745,2175,687902623,140,[37.19549560546875],[1.7038482427597046],[-2.7707600593566895],[105.58011627197266],[-1]
479103,0,584,1719506456,941398550,547,687915673,140,"[4.695672035217285, 4.131403923034668]","[-0.9331892132759094, -0.6069505214691162]","[2.3407750129699707, 1.701978087425232]","[6.893827438354492, 4.917171001434326]","[-1, -1]"
479103,0,584,1719506461,566717745,689,704658035,136,"[6.198477745056152, 2.6291489601135254]","[-0.32114800810813904, -1.4945546388626099]","[2.355067491531372, -2.9690048694610596]","[6.521733283996582, 6.155349254608154]","[1, -1]"
479103,0,584,1719506461,664215455,2153,704667315,132,"[482.17767333984375, 8.855809211730957, 6.489226341247559, 2.803051471710205]","[2.382371187210083, 1.299607753753662, 2.126603364944458, 2.4362986087799072]","[1.707945466041565, -1.0528302192687988, -1.1911094188690186, 2.3884804248809814]","[2633.3857421875, 17.448463439941406, 27.597503662109375, 16.143312454223633]","[-1, 1, -1, 1]"
479103,0,584,1719506465,36522695,3188,704987842,132,[25.847148895263672],[-0.604492723941803],[2.89275860786438],[30.715316772460938],[-1]
479103,0,586,1719506502,345940610,204,838956914,156,"[27.866987228393555, 7.781319618225098, 2.5882489681243896, 2.5595703125, 1.5076671838760376, 2.1284687519073486]","[-0.40290215611457825, -0.3946286737918854, 2.2148773670196533, 1.7763277292251587, -2.5111520290374756, -2.068063259124756]","[-2.8482255935668945, -2.821965217590332, 1.8775768280029297, 0.279776930809021, 2.257000684738159, 1.224622368812561]","[30.159759521484375, 8.395788192749023, 11.996291160583496, 7.778456687927246, 9.34835147857666, 8.552755355834961]","[-1, -1, -1, -1, 1, 1]"
479103,0,586,1719506506,192392815,1234,839321037,140,"[30.287153244018555, 3.030627727508545]","[-0.0947909951210022, 1.3945536613464355]","[-0.23471495509147644, -1.8129876852035522]","[30.423507690429688, 6.488097190856934]","[1, 1]"
479103,0,586,1719506507,118406465,2977,855713872,132,[2.942077398300171],[-1.438073754310608],[2.1237194538116455],[6.546913146972656],[1]
479103,0,586,1719506530,54848035,2326,923106165,132,[],[],[],[],[]
479103,0,587,1719506569,668903480,2221,1057293043,132,"[1.4617618322372437, 5.305119037628174, 1.9699236154556274]","[-2.44085955619812, 0.06687238812446594, 2.2407944202423096]","[2.6419124603271484, -1.2550914287567139, -2.737018346786499]","[8.456947326660156, 5.318035125732422, 9.364795684814453]","[1, 1, -1]"
479103,0,587,1719506574,244530210,3016,1074031804,132,[2.6591224670410156],[2.3123393058776855],[3.0466814041137695],[13.558012962341309],[1]
479103,0,587,1719506593,457883360,2361,1141069587,148,[],[],[],[],[]
479103,0,587,1719506594,716526675,2635,1141188684,128,"[4.9905195236206055, 4.176764965057373, 4.292859077453613]","[-0.6476264595985413, 1.818615198135376, 1.7763864994049072]","[2.2788658142089844, -1.7462228536605835, -1.7680569887161255]","[6.075094699859619, 13.210628509521484, 13.045816421508789]","[1, -1, 1]"
479103,0,587,1719506620,150865450,2376,1225121999,132,[1.2186259031295776],[-2.549013614654541],[3.0182337760925293],[7.844175338745117],[1]
479103,0,588,1719506626,423949765,2330,1258323682,140,"[74.4920425415039, 2.999892473220825]","[-1.8833004236221313, 0.45514243841171265]","[-0.15002119541168213, -1.835482120513916]","[250.56358337402344, 3.317697286605835]","[1, -1]"
479103,0,588,1719506637,227446350,1442,1291956552,132,[2.606954336166382],[2.2130954265594482],[1.922470211982727],[12.061978340148926],[-1]
479103,0,588,1719506637,797421795,232,1292010157,132,"[2.600614547729492, 3.0402109622955322, 2.717449426651001, 2.485832452774048, 2.4809787273406982]","[-2.1112325191497803, 2.0526504516601562, 1.8416941165924072, 2.162412643432617, -1.419211983680725]","[-1.1414417028427124, 0.38719213008880615, -0.19034349918365479, -2.8169596195220947, -1.1156229972839355]","[10.896439552307129, 12.035003662109375, 8.78582763671875, 10.947035789489746, 5.42911958694458]","[1, -1, 1, 1, 1]"
479103,0,588,1719506638,948765850,1810,1292118888,132,[2.582928419113159],[-2.006023645401001],[-2.453453302383423],[9.774659156799316],[-1]
479103,0,589,1719506668,509982865,912,1392745659,132,"[5.515625476837158, 5.348752021789551]","[0.8317782282829285, -0.369827538728714]","[-2.146474838256836, 2.7076523303985596]","[7.536946773529053, 5.719696998596191]","[1, 1]"
479103,0,589,1719506675,100286920,1919,1409674872,156,"[69.82347106933594, 32.09605407714844, 1.4400237798690796, 108.53553771972656]","[1.6659724712371826, -0.400137335062027, 2.187074661254883, -1.4957914352416992]","[-0.9947137832641602, 2.654618263244629, -1.5273122787475586, -2.410245656967163]","[191.31015014648438, 34.700130462646484, 6.496344089508057, 254.34971618652344]","[1, 1, -1, 1]"
479103,0,589,1719506678,83714870,2444,1426262291,136,"[47.69232177734375, 1.9017575979232788]","[1.2393947839736938, -1.8565802574157715]","[2.2031266689300537, 0.894296407699585]","[89.2582015991211, 6.236770153045654]","[-1, 1]"
479103,0,589,1719506680,760360150,3235,1426515776,132,"[56.4007682800293, 7.025883197784424, 5.551388263702393, 4.7663092613220215, 3.104246139526367, 2.9055721759796143]","[0.5637177228927612, -0.719036340713501, -0.7766896486282349, -0.9991248250007629, -2.457517385482788, 2.062619924545288]","[1.4687395095825195, -2.9866788387298584, -2.971473217010498, -1.9248933792114258, -2.128490686416626, 2.986895799636841]","[65.6021499633789, 8.922359466552734, 7.312465667724609, 7.350659370422363, 18.255502700805664, 11.613577842712402]","[1, -1, 1, -1, -1, 1]"
479103,0,589,1719506683,751667820,2375,1443102923,136,"[24.72381019592285, 3.733595132827759, 2.6211771965026855]","[-0.15971294045448303, -1.8632237911224365, -2.1512835025787354]","[-2.088310718536377, -0.19874942302703857, -0.6636393070220947]","[25.040035247802734, 12.32066535949707, 11.418623924255371]","[-1, 1, 1]"
